zone_class,centroid_lon,centroid_lat,geometry_type
commercial,72.635143,23.192938,MultiPolygon
commercial,72.628081,23.192602,MultiPolygon
commercial,72.680487,23.165135,MultiPolygon
commercial,72.599205,23.027305,MultiPolygon
commercial,72.63701,23.20201,MultiPolygon
commercial,72.685258,23.164397,MultiPolygon
commercial,72.655132,23.148379,MultiPolygon
commercial,72.636657,23.191502,MultiPolygon
commercial,72.651447,23.165406,MultiPolygon
commercial,72.642152,23.180797,MultiPolygon
commercial,72.62982,23.181216,MultiPolygon
commercial,72.635599,23.171431,MultiPolygon
commercial,72.613235,23.192529,MultiPolygon
commercial,72.504426,23.01545,MultiPolygon
commercial,72.504358,23.014612,MultiPolygon
commercial,72.503684,23.013106,MultiPolygon
commercial,72.499775,22.993915,MultiPolygon
commercial,72.508809,23.025946,MultiPolygon
commercial,72.503487,23.012324,MultiPolygon
commercial,72.475141,23.017248,MultiPolygon
commercial,72.584266,23.030203,MultiPolygon
commercial,72.594752,23.031688,MultiPolygon
commercial,72.597766,23.033087,MultiPolygon
commercial,72.585773,23.028877,MultiPolygon
commercial,72.586806,23.032975,MultiPolygon
commercial,72.584267,23.032664,MultiPolygon
commercial,72.576338,23.033447,MultiPolygon
commercial,72.577759,23.033341,MultiPolygon
commercial,72.577382,23.028468,MultiPolygon
commercial,72.576612,23.031273,MultiPolygon
commercial,72.580099,23.02803,MultiPolygon
commercial,72.57936,23.031617,MultiPolygon
commercial,72.472592,22.991655,MultiPolygon
commercial,72.579001,23.03978,MultiPolygon
commercial,72.569383,23.032646,MultiPolygon
commercial,72.560061,23.085782,MultiPolygon
commercial,72.590541,23.074949,MultiPolygon
commercial,72.572812,23.048423,MultiPolygon
commercial,72.652572,23.212403,MultiPolygon
commercial,72.646837,23.219946,MultiPolygon
commercial,72.508309,23.050051,MultiPolygon
commercial,72.508776,23.048707,MultiPolygon
commercial,72.604532,23.05166,MultiPolygon
commercial,72.599258,23.02924,MultiPolygon
commercial,72.5989,23.032605,MultiPolygon
commercial,72.562751,23.03909,MultiPolygon
commercial,72.583605,23.047317,MultiPolygon
commercial,72.583687,23.04684,MultiPolygon
commercial,72.583955,23.046653,MultiPolygon
commercial,72.584096,23.046347,MultiPolygon
commercial,72.584195,23.046063,MultiPolygon
commercial,72.648797,23.215678,MultiPolygon
commercial,72.584166,23.045747,MultiPolygon
commercial,72.584309,23.045411,MultiPolygon
commercial,72.564245,23.028963,MultiPolygon
commercial,72.641495,23.073348,MultiPolygon
commercial,72.571577,23.01949,MultiPolygon
commercial,72.582118,23.026258,MultiPolygon
commercial,72.583484,23.026275,MultiPolygon
commercial,72.564304,23.015009,MultiPolygon
commercial,72.56562,23.015563,MultiPolygon
commercial,72.565082,23.015076,MultiPolygon
commercial,72.569667,23.013091,MultiPolygon
commercial,72.523866,23.047626,MultiPolygon
commercial,72.580301,23.010897,MultiPolygon
commercial,72.540258,23.04463,MultiPolygon
commercial,72.530878,23.046768,MultiPolygon
commercial,72.54018,23.046385,MultiPolygon
commercial,72.5371,23.010915,MultiPolygon
commercial,72.543429,23.021466,MultiPolygon
commercial,72.531009,23.023719,MultiPolygon
commercial,72.531199,23.024657,MultiPolygon
commercial,72.554113,23.021651,MultiPolygon
commercial,72.529704,23.018123,MultiPolygon
commercial,72.529786,23.016383,MultiPolygon
commercial,72.529692,23.01737,MultiPolygon
commercial,72.530074,23.015255,MultiPolygon
commercial,72.544455,23.025582,MultiPolygon
commercial,72.529884,23.028069,MultiPolygon
commercial,72.580252,23.00246,MultiPolygon
commercial,72.568782,23.019752,MultiPolygon
commercial,72.566646,23.017134,MultiPolygon
commercial,72.567657,23.018212,MultiPolygon
commercial,72.569333,23.018711,MultiPolygon
commercial,72.588123,23.022857,MultiPolygon
commercial,72.58626,23.024222,MultiPolygon
commercial,72.585479,23.025649,MultiPolygon
commercial,72.585632,23.026493,MultiPolygon
commercial,72.585135,23.024397,MultiPolygon
commercial,72.579818,23.024329,MultiPolygon
commercial,72.584279,23.02696,MultiPolygon
commercial,72.58193,23.026806,MultiPolygon
commercial,72.582658,23.027644,MultiPolygon
commercial,72.585316,23.027579,MultiPolygon
commercial,72.584951,23.026381,MultiPolygon
commercial,72.556156,23.019096,MultiPolygon
commercial,72.559507,23.013663,MultiPolygon
commercial,72.562903,23.01009,MultiPolygon
commercial,72.586026,23.011371,MultiPolygon
commercial,72.582419,23.011479,MultiPolygon
commercial,72.586515,23.012761,MultiPolygon
commercial,72.580071,23.012452,MultiPolygon
commercial,72.529363,23.039829,MultiPolygon
commercial,72.526573,23.048316,MultiPolygon
commercial,72.598037,23.026188,MultiPolygon
commercial,72.588336,23.024288,MultiPolygon
commercial,72.590393,23.02483,MultiPolygon
commercial,72.589105,23.024332,MultiPolygon
commercial,72.599151,23.018519,MultiPolygon
commercial,72.697313,23.161358,MultiPolygon
commercial,72.586433,23.027617,MultiPolygon
commercial,72.530075,23.013054,MultiPolygon
commercial,72.582176,23.02838,MultiPolygon
commercial,72.578637,23.027414,MultiPolygon
commercial,72.578271,23.023856,MultiPolygon
commercial,72.584334,23.020489,MultiPolygon
commercial,72.579019,23.013623,MultiPolygon
commercial,72.576999,22.997617,MultiPolygon
commercial,72.55411,23.01988,MultiPolygon
commercial,72.522867,23.011771,MultiPolygon
commercial,72.573657,23.187265,MultiPolygon
commercial,72.573965,23.176785,MultiPolygon
commercial,72.577768,23.020522,MultiPolygon
commercial,72.688155,23.163653,MultiPolygon
commercial,72.630973,22.983087,MultiPolygon
commercial,72.520344,23.05072,MultiPolygon
commercial,72.510271,23.050686,MultiPolygon
commercial,72.572159,23.013675,MultiPolygon
commercial,72.526065,23.026446,MultiPolygon
commercial,72.542492,23.131781,MultiPolygon
commercial,72.542607,23.044704,MultiPolygon
commercial,72.525321,23.026232,MultiPolygon
commercial,72.528294,23.042861,MultiPolygon
commercial,72.527043,23.041038,MultiPolygon
industrial,72.487553,22.980781,MultiPolygon
industrial,72.490449,22.975379,MultiPolygon
industrial,72.495768,22.984437,MultiPolygon
industrial,72.467488,22.954629,MultiPolygon
industrial,72.468351,22.952142,MultiPolygon
industrial,72.472183,22.959799,MultiPolygon
industrial,72.475367,22.958542,MultiPolygon
industrial,72.477566,22.959365,MultiPolygon
industrial,72.477292,22.962107,MultiPolygon
industrial,72.476305,22.963906,MultiPolygon
industrial,72.479483,22.968842,MultiPolygon
industrial,72.466137,22.947454,MultiPolygon
industrial,72.645627,23.064699,MultiPolygon
industrial,72.549576,23.165642,MultiPolygon
industrial,72.639687,22.970002,MultiPolygon
industrial,72.633571,22.970132,MultiPolygon
industrial,72.644805,22.975233,MultiPolygon
industrial,72.639554,22.957305,MultiPolygon
industrial,72.632389,22.979085,MultiPolygon
industrial,72.648436,22.96221,MultiPolygon
industrial,72.614626,22.980431,MultiPolygon
industrial,72.638446,22.935337,MultiPolygon
industrial,72.506256,23.167409,MultiPolygon
industrial,72.586627,23.191356,MultiPolygon
industrial,72.672145,22.902119,MultiPolygon
industrial,72.65574,22.969975,MultiPolygon
industrial,72.727072,22.982517,MultiPolygon
industrial,72.747238,23.096083,MultiPolygon
industrial,72.748838,23.098446,MultiPolygon
industrial,72.749872,23.091841,MultiPolygon
industrial,72.741461,23.105846,MultiPolygon
industrial,72.745978,23.107519,MultiPolygon
industrial,72.742859,23.113603,MultiPolygon
industrial,72.434297,23.150475,MultiPolygon
industrial,72.432269,23.151202,MultiPolygon
industrial,72.446835,23.156696,MultiPolygon
industrial,72.472943,23.129331,MultiPolygon
industrial,72.469097,23.115946,MultiPolygon
industrial,72.453078,23.139551,MultiPolygon
industrial,72.473679,23.136719,MultiPolygon
industrial,72.682153,23.032246,MultiPolygon
industrial,72.474012,23.135245,MultiPolygon
industrial,72.461442,23.121557,MultiPolygon
industrial,72.474304,23.123715,MultiPolygon
industrial,72.6786,23.021238,MultiPolygon
industrial,72.475089,23.131193,MultiPolygon
industrial,72.440735,23.177711,MultiPolygon
industrial,72.622226,23.193582,MultiPolygon
industrial,72.669062,23.153609,MultiPolygon
industrial,72.611644,23.123674,MultiPolygon
industrial,72.669191,23.086334,MultiPolygon
industrial,72.666823,23.095202,MultiPolygon
industrial,72.661811,23.094219,MultiPolygon
industrial,72.568804,23.098857,MultiPolygon
industrial,72.572003,23.090888,MultiPolygon
industrial,72.6046,23.040382,MultiPolygon
industrial,72.614736,23.040473,MultiPolygon
industrial,72.622369,23.045593,MultiPolygon
industrial,72.62816,23.047813,MultiPolygon
industrial,72.654663,23.025928,MultiPolygon
industrial,72.657115,23.018198,MultiPolygon
industrial,72.660504,23.022177,MultiPolygon
industrial,72.589645,23.090859,MultiPolygon
industrial,72.563748,23.105903,MultiPolygon
industrial,72.565715,23.087387,MultiPolygon
industrial,72.540826,23.093911,MultiPolygon
industrial,72.535199,23.092985,MultiPolygon
industrial,72.591911,23.091422,MultiPolygon
industrial,72.564073,23.072205,MultiPolygon
industrial,72.559235,22.973268,MultiPolygon
industrial,72.571136,22.997707,MultiPolygon
industrial,72.573216,23.001946,MultiPolygon
industrial,72.563561,22.988431,MultiPolygon
industrial,72.593177,23.072154,MultiPolygon
industrial,72.599395,23.035775,MultiPolygon
industrial,72.57164,23.070681,MultiPolygon
industrial,72.622713,23.097013,MultiPolygon
industrial,72.661476,23.010623,MultiPolygon
industrial,72.472857,23.114408,MultiPolygon
industrial,72.470164,23.115694,MultiPolygon
industrial,72.462408,23.111189,MultiPolygon
industrial,72.4594,23.107225,MultiPolygon
industrial,72.442656,23.052768,MultiPolygon
industrial,72.618469,23.009007,MultiPolygon
industrial,72.644544,23.023864,MultiPolygon
industrial,72.616495,23.006923,MultiPolygon
industrial,72.639102,22.995269,MultiPolygon
industrial,72.634185,22.993704,MultiPolygon
industrial,72.628332,23.018499,MultiPolygon
industrial,72.612266,23.00861,MultiPolygon
industrial,72.576715,23.006625,MultiPolygon
industrial,72.581174,22.963802,MultiPolygon
industrial,72.553754,22.937035,MultiPolygon
industrial,72.558635,22.956398,MultiPolygon
industrial,72.578504,22.984293,MultiPolygon
industrial,72.5869,22.997675,MultiPolygon
industrial,72.569016,22.985747,MultiPolygon
industrial,72.553971,22.970658,MultiPolygon
industrial,72.583489,23.009988,MultiPolygon
industrial,72.593169,23.012738,MultiPolygon
industrial,72.589904,23.011999,MultiPolygon
industrial,72.590202,23.014593,MultiPolygon
industrial,72.588838,23.008635,MultiPolygon
industrial,72.587424,23.010921,MultiPolygon
industrial,72.449018,22.922445,MultiPolygon
industrial,72.441067,22.925164,MultiPolygon
industrial,72.45196,22.936448,MultiPolygon
industrial,72.454361,22.939436,MultiPolygon
industrial,72.456112,22.94189,MultiPolygon
industrial,72.587612,22.886119,MultiPolygon
industrial,72.592425,22.882,MultiPolygon
industrial,72.595462,22.880995,MultiPolygon
industrial,72.591556,22.877622,MultiPolygon
industrial,72.592064,22.875169,MultiPolygon
industrial,72.593981,22.874552,MultiPolygon
industrial,72.594265,22.870241,MultiPolygon
industrial,72.597274,22.899791,MultiPolygon
industrial,72.591418,22.899549,MultiPolygon
industrial,72.597977,22.912895,MultiPolygon
industrial,72.589131,22.906433,MultiPolygon
industrial,72.592976,22.909221,MultiPolygon
industrial,72.592058,22.920219,MultiPolygon
industrial,72.592796,22.923934,MultiPolygon
industrial,72.584013,22.949707,MultiPolygon
industrial,72.587441,22.946393,MultiPolygon
industrial,72.582985,22.88472,MultiPolygon
industrial,72.575614,22.88069,MultiPolygon
industrial,72.572903,22.882442,MultiPolygon
industrial,72.568692,22.879213,MultiPolygon
industrial,72.591983,22.904593,MultiPolygon
industrial,72.569327,22.977739,MultiPolygon
industrial,72.436904,22.907124,MultiPolygon
industrial,72.446874,22.915415,MultiPolygon
industrial,72.447603,22.93442,MultiPolygon
industrial,72.459489,22.935994,MultiPolygon
industrial,72.4325,22.917531,MultiPolygon
residential,72.553031,23.019897,MultiPolygon
residential,72.574669,23.177647,MultiPolygon
residential,72.631737,23.212192,MultiPolygon
residential,72.633912,23.209964,MultiPolygon
residential,72.638576,23.20944,MultiPolygon
residential,72.63562,23.213871,MultiPolygon
residential,72.628884,23.214119,MultiPolygon
residential,72.627508,23.21667,MultiPolygon
residential,72.633973,23.217641,MultiPolygon
residential,72.636306,23.218338,MultiPolygon
residential,72.638079,23.217214,MultiPolygon
residential,72.63807,23.219236,MultiPolygon
residential,72.633322,23.212825,MultiPolygon
residential,72.644952,23.006033,MultiPolygon
residential,72.647763,23.00732,MultiPolygon
residential,72.66969,23.006461,MultiPolygon
residential,72.671338,23.005212,MultiPolygon
residential,72.658507,23.006433,MultiPolygon
residential,72.660632,22.996596,MultiPolygon
residential,72.670195,23.001838,MultiPolygon
residential,72.649002,23.016581,MultiPolygon
residential,72.568467,23.008448,MultiPolygon
residential,72.56117,23.02336,MultiPolygon
residential,72.561065,23.017777,MultiPolygon
residential,72.560515,23.017593,MultiPolygon
residential,72.563358,23.015914,MultiPolygon
residential,72.562793,23.016643,MultiPolygon
residential,72.621637,23.008247,MultiPolygon
residential,72.61038,23.004189,MultiPolygon
residential,72.621688,23.021343,MultiPolygon
residential,72.620326,23.021525,MultiPolygon
residential,72.616662,23.026142,MultiPolygon
residential,72.624899,23.021341,MultiPolygon
residential,72.616745,23.024195,MultiPolygon
residential,72.611101,23.026359,MultiPolygon
residential,72.612378,22.994145,MultiPolygon
residential,72.55593,23.021847,MultiPolygon
residential,72.583773,23.025626,MultiPolygon
residential,72.582244,23.025597,MultiPolygon
residential,72.564517,23.015656,MultiPolygon
residential,72.570834,23.013742,MultiPolygon
residential,72.451506,23.211083,MultiPolygon
residential,72.569287,23.021103,MultiPolygon
residential,72.56583,23.017385,MultiPolygon
residential,72.689,23.212307,MultiPolygon
residential,72.565929,23.018318,MultiPolygon
residential,72.564254,23.018373,MultiPolygon
residential,72.564139,23.018869,MultiPolygon
residential,72.565327,23.019263,MultiPolygon
residential,72.584619,23.025089,MultiPolygon
residential,72.584105,23.02513,MultiPolygon
residential,72.584672,23.025812,MultiPolygon
residential,72.585019,23.024721,MultiPolygon
residential,72.58527,23.023784,MultiPolygon
residential,72.593942,23.026015,MultiPolygon
residential,72.590375,23.026896,MultiPolygon
residential,72.596141,23.023785,MultiPolygon
residential,72.592721,23.023438,MultiPolygon
residential,72.610586,22.992719,MultiPolygon
residential,72.590045,23.019684,MultiPolygon
residential,72.585923,23.022464,MultiPolygon
residential,72.587443,23.026257,MultiPolygon
residential,72.562595,23.018242,MultiPolygon
residential,72.555855,23.018769,MultiPolygon
residential,72.55555,23.017153,MultiPolygon
residential,72.565769,23.005569,MultiPolygon
residential,72.564615,23.007823,MultiPolygon
residential,72.56754,22.996703,MultiPolygon
residential,72.585173,23.017685,MultiPolygon
residential,72.584861,23.016132,MultiPolygon
residential,72.57952,23.019312,MultiPolygon
residential,72.581759,23.016912,MultiPolygon
residential,72.584589,23.018931,MultiPolygon
residential,72.586209,23.00981,MultiPolygon
residential,72.58566,23.01402,MultiPolygon
residential,72.590196,23.01107,MultiPolygon
residential,72.587732,23.017366,MultiPolygon
residential,72.597393,23.026418,MultiPolygon
residential,72.596252,23.020851,MultiPolygon
residential,72.584159,23.022942,MultiPolygon
residential,72.580345,23.018994,MultiPolygon
residential,72.584975,23.005296,MultiPolygon
residential,72.571545,22.999071,MultiPolygon
residential,72.572953,23.003165,MultiPolygon
residential,72.55494,23.020387,MultiPolygon
residential,72.558368,23.021554,MultiPolygon
residential,72.567486,23.027267,MultiPolygon
residential,72.608757,22.968983,MultiPolygon
residential,72.6006,22.997477,MultiPolygon
residential,72.592409,22.885892,MultiPolygon
residential,72.578198,22.994305,MultiPolygon
residential,72.576379,22.980182,MultiPolygon
residential,72.556276,23.000789,MultiPolygon
residential,72.609414,22.992317,MultiPolygon
residential,72.65529,23.073705,MultiPolygon
residential,72.644175,23.057443,MultiPolygon
residential,72.676652,23.068977,MultiPolygon
residential,72.6814,23.070004,MultiPolygon
residential,72.610295,22.991598,MultiPolygon
residential,72.66622,23.06904,MultiPolygon
residential,72.685363,23.108584,MultiPolygon
residential,72.599535,23.055924,MultiPolygon
residential,72.602939,23.053891,MultiPolygon
residential,72.607187,23.056341,MultiPolygon
residential,72.619547,23.0611,MultiPolygon
residential,72.603938,23.056977,MultiPolygon
residential,72.601897,23.056322,MultiPolygon
residential,72.598613,23.059313,MultiPolygon
residential,72.603367,23.073741,MultiPolygon
residential,72.600915,23.057216,MultiPolygon
residential,72.603446,23.048283,MultiPolygon
residential,72.618292,23.040791,MultiPolygon
residential,72.653794,23.06043,MultiPolygon
residential,72.628283,23.08135,MultiPolygon
residential,72.639663,23.088791,MultiPolygon
residential,72.474657,23.021568,MultiPolygon
residential,72.674063,23.079534,MultiPolygon
residential,72.609825,22.993003,MultiPolygon
residential,72.62609,23.008204,MultiPolygon
residential,72.62469,23.00821,MultiPolygon
residential,72.620427,23.005279,MultiPolygon
residential,72.61871,23.004196,MultiPolygon
residential,72.616587,23.008845,MultiPolygon
residential,72.65839,23.113283,MultiPolygon
residential,72.659049,23.11264,MultiPolygon
residential,72.660964,23.112786,MultiPolygon
residential,72.445373,23.018148,MultiPolygon
residential,72.662035,23.108709,MultiPolygon
residential,72.659045,23.10446,MultiPolygon
residential,72.658452,23.10501,MultiPolygon
residential,72.653753,23.059587,MultiPolygon
residential,72.667282,23.104955,MultiPolygon
residential,72.635534,23.110768,MultiPolygon
residential,72.478451,23.017618,MultiPolygon
residential,72.476115,23.020865,MultiPolygon
residential,72.481345,23.02482,MultiPolygon
residential,72.505489,23.01507,MultiPolygon
residential,72.505123,23.008688,MultiPolygon
residential,72.509752,23.024616,MultiPolygon
residential,72.509498,23.021573,MultiPolygon
residential,72.510735,23.017823,MultiPolygon
residential,72.623865,22.963803,MultiPolygon
residential,72.623562,22.960011,MultiPolygon
residential,72.513475,23.003895,MultiPolygon
residential,72.522306,23.033748,MultiPolygon
residential,72.512115,23.014874,MultiPolygon
residential,72.463657,22.983824,MultiPolygon
residential,72.633582,23.102966,MultiPolygon
residential,72.631907,23.103933,MultiPolygon
residential,72.631104,23.1039,MultiPolygon
residential,72.632937,23.102958,MultiPolygon
residential,72.632696,23.105132,MultiPolygon
residential,72.455848,22.98461,MultiPolygon
residential,72.632034,23.105786,MultiPolygon
residential,72.633901,23.107547,MultiPolygon
residential,72.633076,23.109849,MultiPolygon
residential,72.633425,23.100281,MultiPolygon
residential,72.537007,23.166291,MultiPolygon
residential,72.63168,23.099801,MultiPolygon
residential,72.631507,23.097222,MultiPolygon
residential,72.460401,22.984482,MultiPolygon
residential,72.458656,22.976073,MultiPolygon
residential,72.5411,23.160291,MultiPolygon
residential,72.728314,23.011,MultiPolygon
residential,72.45872,22.972855,MultiPolygon
residential,72.537177,23.17206,MultiPolygon
residential,72.500386,23.149505,MultiPolygon
residential,72.620004,23.208216,MultiPolygon
residential,72.578503,23.188812,MultiPolygon
residential,72.639994,23.209604,MultiPolygon
residential,72.642095,23.208252,MultiPolygon
residential,72.642432,23.207187,MultiPolygon
residential,72.670004,23.219103,MultiPolygon
residential,72.641551,23.213793,MultiPolygon
residential,72.645315,23.211243,MultiPolygon
residential,72.641685,23.211841,MultiPolygon
residential,72.644253,23.210506,MultiPolygon
residential,72.660586,23.209063,MultiPolygon
residential,72.648992,23.216303,MultiPolygon
residential,72.642242,23.219761,MultiPolygon
residential,72.613331,23.219966,MultiPolygon
residential,72.458409,22.979098,MultiPolygon
residential,72.598858,23.101505,MultiPolygon
residential,72.642969,23.199198,MultiPolygon
residential,72.688409,23.20884,MultiPolygon
residential,72.451563,22.980051,MultiPolygon
residential,72.454865,22.979793,MultiPolygon
residential,72.636459,23.200949,MultiPolygon
residential,72.455553,22.978155,MultiPolygon
residential,72.576996,23.187825,MultiPolygon
residential,72.629052,23.202259,MultiPolygon
residential,72.564828,23.068405,MultiPolygon
residential,72.560549,23.046146,MultiPolygon
residential,72.576021,23.187708,MultiPolygon
residential,72.649703,23.207343,MultiPolygon
residential,72.642219,23.173958,MultiPolygon
residential,72.610137,23.196282,MultiPolygon
residential,72.453097,22.979351,MultiPolygon
residential,72.459965,22.997021,MultiPolygon
residential,72.449602,23.007283,MultiPolygon
residential,72.59383,23.106369,MultiPolygon
residential,72.582067,23.097156,MultiPolygon
residential,72.527165,23.039341,MultiPolygon
residential,72.574224,23.185695,MultiPolygon
residential,72.509991,23.060039,MultiPolygon
residential,72.511749,23.034331,MultiPolygon
residential,72.592972,23.053071,MultiPolygon
residential,72.593674,23.051642,MultiPolygon
residential,72.590504,23.057081,MultiPolygon
residential,72.588886,23.057642,MultiPolygon
residential,72.56979,23.105135,MultiPolygon
residential,72.592617,23.060133,MultiPolygon
residential,72.594057,23.060896,MultiPolygon
residential,72.511411,23.045145,MultiPolygon
residential,72.593122,23.057271,MultiPolygon
residential,72.567625,23.02936,MultiPolygon
residential,72.565885,23.030025,MultiPolygon
residential,72.566602,23.030986,MultiPolygon
residential,72.644199,23.189536,MultiPolygon
residential,72.564975,23.03124,MultiPolygon
residential,72.566248,23.05122,MultiPolygon
residential,72.626618,23.182669,MultiPolygon
residential,72.576168,23.038759,MultiPolygon
residential,72.576833,23.042684,MultiPolygon
residential,72.453484,22.981854,MultiPolygon
residential,72.568492,23.105018,MultiPolygon
residential,72.526924,23.038913,MultiPolygon
residential,72.545243,23.041376,MultiPolygon
residential,72.525947,23.055017,MultiPolygon
residential,72.523073,23.055358,MultiPolygon
residential,72.567436,23.104661,MultiPolygon
residential,72.437911,23.037153,MultiPolygon
residential,72.564335,23.088724,MultiPolygon
residential,72.574121,23.063194,MultiPolygon
residential,72.570985,23.063835,MultiPolygon
residential,72.570593,23.064809,MultiPolygon
residential,72.590733,23.078858,MultiPolygon
residential,72.566098,23.060962,MultiPolygon
residential,72.591796,23.079329,MultiPolygon
residential,72.59121,23.077481,MultiPolygon
residential,72.593212,23.077553,MultiPolygon
residential,72.459003,22.982428,MultiPolygon
residential,72.455997,22.973177,MultiPolygon
residential,72.458016,22.985215,MultiPolygon
residential,72.525374,23.049921,MultiPolygon
residential,72.45623,22.986334,MultiPolygon
residential,72.521731,23.051984,MultiPolygon
residential,72.520676,23.05592,MultiPolygon
residential,72.554356,23.057955,MultiPolygon
residential,72.592928,23.078308,MultiPolygon
residential,72.551316,23.040605,MultiPolygon
residential,72.593391,23.078486,MultiPolygon
residential,72.530387,23.03646,MultiPolygon
residential,72.593914,23.062422,MultiPolygon
residential,72.456083,22.979654,MultiPolygon
residential,72.579951,23.033475,MultiPolygon
residential,72.578475,23.036734,MultiPolygon
residential,72.57774,23.039455,MultiPolygon
residential,72.593369,23.07882,MultiPolygon
residential,72.584139,23.029601,MultiPolygon
residential,72.470143,22.99354,MultiPolygon
residential,72.537158,23.047232,MultiPolygon
residential,72.514902,23.038497,MultiPolygon
residential,72.590009,23.031276,MultiPolygon
residential,72.5163,23.038298,MultiPolygon
residential,72.524282,23.04419,MultiPolygon
residential,72.596774,23.05992,MultiPolygon
residential,72.5207,23.044674,MultiPolygon
residential,72.599104,23.066169,MultiPolygon
residential,72.590989,23.08068,MultiPolygon
residential,72.553095,23.034711,MultiPolygon
residential,72.595389,23.063391,MultiPolygon
residential,72.591611,23.02992,MultiPolygon
residential,72.615146,23.184288,MultiPolygon
residential,72.63225,23.195538,MultiPolygon
residential,72.633573,23.19523,MultiPolygon
residential,72.630966,23.183685,MultiPolygon
residential,72.629945,23.182673,MultiPolygon
residential,72.631202,23.182286,MultiPolygon
residential,72.59287,23.080026,MultiPolygon
residential,72.594453,23.032099,MultiPolygon
residential,72.494665,23.100827,MultiPolygon
residential,72.584476,23.029207,MultiPolygon
residential,72.500673,23.10124,MultiPolygon
residential,72.504673,23.03254,MultiPolygon
residential,72.507136,23.032931,MultiPolygon
residential,72.506745,23.03101,MultiPolygon
residential,72.498602,23.029903,MultiPolygon
residential,72.497521,23.033664,MultiPolygon
residential,72.504721,23.064117,MultiPolygon
residential,72.633812,23.184375,MultiPolygon
residential,72.589091,23.029406,MultiPolygon
residential,72.632964,23.183373,MultiPolygon
residential,72.586901,23.029808,MultiPolygon
residential,72.630142,23.180458,MultiPolygon
residential,72.630705,23.178095,MultiPolygon
residential,72.636234,23.18319,MultiPolygon
residential,72.635713,23.179093,MultiPolygon
residential,72.630552,23.174833,MultiPolygon
residential,72.635339,23.176055,MultiPolygon
residential,72.588432,23.032733,MultiPolygon
residential,72.560476,23.073037,MultiPolygon
residential,72.577147,23.186279,MultiPolygon
residential,72.581135,23.031477,MultiPolygon
residential,72.58677,23.034249,MultiPolygon
residential,72.588458,23.036258,MultiPolygon
residential,72.549562,23.029979,MultiPolygon
residential,72.577604,23.029237,MultiPolygon
residential,72.578823,23.028758,MultiPolygon
residential,72.578186,23.031505,MultiPolygon
residential,72.5781,23.186757,MultiPolygon
residential,72.581292,23.029277,MultiPolygon
residential,72.577693,23.040461,MultiPolygon
residential,72.57747,23.041167,MultiPolygon
residential,72.581343,23.041299,MultiPolygon
residential,72.579415,23.04732,MultiPolygon
residential,72.577019,23.184798,MultiPolygon
residential,72.579571,23.041969,MultiPolygon
residential,72.579565,23.043347,MultiPolygon
residential,72.581437,23.044044,MultiPolygon
residential,72.584993,23.039123,MultiPolygon
residential,72.468645,23.056304,MultiPolygon
residential,72.581099,23.039613,MultiPolygon
residential,72.583911,23.041255,MultiPolygon
residential,72.638593,23.173102,MultiPolygon
residential,72.598691,23.049906,MultiPolygon
residential,72.57955,23.187164,MultiPolygon
residential,72.64687,23.173814,MultiPolygon
residential,72.644704,23.169562,MultiPolygon
residential,72.583242,23.043242,MultiPolygon
residential,72.583478,23.044566,MultiPolygon
residential,72.456847,23.005159,MultiPolygon
residential,72.58269,23.045631,MultiPolygon
residential,72.582582,23.063421,MultiPolygon
residential,72.562555,23.038958,MultiPolygon
residential,72.645417,23.169383,MultiPolygon
residential,72.677465,22.897869,MultiPolygon
residential,72.639434,23.151042,MultiPolygon
residential,72.681573,22.895541,MultiPolygon
residential,72.562397,23.038825,MultiPolygon
residential,72.685714,22.894004,MultiPolygon
residential,72.56225,23.038645,MultiPolygon
residential,72.674441,22.896179,MultiPolygon
residential,72.531816,23.067696,MultiPolygon
residential,72.538327,23.060346,MultiPolygon
residential,72.637584,23.157513,MultiPolygon
residential,72.657549,23.157931,MultiPolygon
residential,72.623495,23.182095,MultiPolygon
residential,72.560469,23.074814,MultiPolygon
residential,72.676085,22.89163,MultiPolygon
residential,72.672662,22.891481,MultiPolygon
residential,72.667412,22.909939,MultiPolygon
residential,72.647904,22.90703,MultiPolygon
residential,72.690156,22.943316,MultiPolygon
residential,72.686533,22.930677,MultiPolygon
residential,72.749832,23.014271,MultiPolygon
residential,72.718059,22.9789,MultiPolygon
residential,72.52129,23.036966,MultiPolygon
residential,72.739045,22.98246,MultiPolygon
residential,72.692902,22.978245,MultiPolygon
residential,72.681594,22.978526,MultiPolygon
residential,72.678574,22.978313,MultiPolygon
residential,72.575327,23.187674,MultiPolygon
residential,72.703237,22.978418,MultiPolygon
residential,72.676982,22.965468,MultiPolygon
residential,72.687272,22.956956,MultiPolygon
residential,72.723588,22.956114,MultiPolygon
residential,72.738947,22.936883,MultiPolygon
residential,72.738948,22.924692,MultiPolygon
residential,72.742164,22.892653,MultiPolygon
residential,72.737538,22.872653,MultiPolygon
residential,72.651571,23.183307,MultiPolygon
residential,72.651525,23.184232,MultiPolygon
residential,72.650283,23.184474,MultiPolygon
residential,72.671841,23.154248,MultiPolygon
residential,72.605787,23.117709,MultiPolygon
residential,72.54129,23.027776,MultiPolygon
residential,72.555213,23.036341,MultiPolygon
residential,72.565453,23.028991,MultiPolygon
residential,72.564661,23.028824,MultiPolygon
residential,72.566091,23.028182,MultiPolygon
residential,72.564596,23.028169,MultiPolygon
residential,72.56642,23.029138,MultiPolygon
residential,72.592567,23.041803,MultiPolygon
residential,72.590426,23.043153,MultiPolygon
residential,72.605748,23.118428,MultiPolygon
residential,72.695378,23.161178,MultiPolygon
residential,72.476387,23.031061,MultiPolygon
residential,72.735677,22.922491,MultiPolygon
residential,72.733739,22.919914,MultiPolygon
residential,72.589967,23.040951,MultiPolygon
residential,72.589056,23.038002,MultiPolygon
residential,72.595699,23.037721,MultiPolygon
residential,72.508105,23.00649,MultiPolygon
residential,72.589238,23.038722,MultiPolygon
residential,72.605463,23.119101,MultiPolygon
residential,72.587158,23.041923,MultiPolygon
residential,72.710993,22.921209,MultiPolygon
residential,72.470681,23.064609,MultiPolygon
residential,72.717684,22.870644,MultiPolygon
residential,72.605179,23.119738,MultiPolygon
residential,72.715429,22.893086,MultiPolygon
residential,72.507225,23.006779,MultiPolygon
residential,72.607951,23.11993,MultiPolygon
residential,72.610141,23.120303,MultiPolygon
residential,72.541515,23.02772,MultiPolygon
residential,72.632847,23.119151,MultiPolygon
residential,72.527018,23.041226,MultiPolygon
residential,72.578378,23.119432,MultiPolygon
residential,72.542028,23.015596,MultiPolygon
residential,72.504334,22.998299,MultiPolygon
residential,72.54041,23.121395,MultiPolygon
residential,72.505067,22.999378,MultiPolygon
residential,72.543081,23.014727,MultiPolygon
residential,72.543478,23.016813,MultiPolygon
residential,72.540975,23.016494,MultiPolygon
residential,72.580641,23.05994,MultiPolygon
residential,72.580087,23.048538,MultiPolygon
residential,72.459217,23.01013,MultiPolygon
residential,72.539886,23.011165,MultiPolygon
residential,72.625131,23.120114,MultiPolygon
residential,72.58546,23.160218,MultiPolygon
residential,72.62345,23.119853,MultiPolygon
residential,72.621321,23.118383,MultiPolygon
residential,72.463123,22.991834,MultiPolygon
residential,72.53827,23.010768,MultiPolygon
residential,72.538317,23.011418,MultiPolygon
residential,72.538197,23.012161,MultiPolygon
residential,72.534732,23.013463,MultiPolygon
residential,72.535553,23.013992,MultiPolygon
residential,72.536118,23.013586,MultiPolygon
residential,72.534917,23.010392,MultiPolygon
residential,72.532698,23.010354,MultiPolygon
residential,72.526565,23.017255,MultiPolygon
residential,72.551119,23.003681,MultiPolygon
residential,72.546898,22.998669,MultiPolygon
residential,72.54831,22.999185,MultiPolygon
residential,72.55213,23.001232,MultiPolygon
residential,72.549691,22.999621,MultiPolygon
residential,72.549962,23.016075,MultiPolygon
residential,72.547803,23.016177,MultiPolygon
residential,72.552528,23.013532,MultiPolygon
residential,72.554394,23.010695,MultiPolygon
residential,72.582167,23.078079,MultiPolygon
residential,72.558322,23.00424,MultiPolygon
residential,72.545187,23.018518,MultiPolygon
residential,72.543431,23.013953,MultiPolygon
residential,72.536813,23.017727,MultiPolygon
residential,72.542811,23.016772,MultiPolygon
residential,72.540254,23.019216,MultiPolygon
residential,72.540369,23.018381,MultiPolygon
residential,72.540432,23.017985,MultiPolygon
residential,72.63494,23.184451,MultiPolygon
residential,72.540492,23.017585,MultiPolygon
residential,72.54053,23.017207,MultiPolygon
residential,72.683285,23.124211,MultiPolygon
residential,72.525749,23.018596,MultiPolygon
residential,72.525086,23.022563,MultiPolygon
residential,72.539722,23.021012,MultiPolygon
residential,72.532111,23.023369,MultiPolygon
residential,72.532922,23.024811,MultiPolygon
residential,72.531283,23.02494,MultiPolygon
residential,72.568245,23.084786,MultiPolygon
residential,72.532025,23.026352,MultiPolygon
residential,72.518416,23.010417,MultiPolygon
residential,72.526929,23.012226,MultiPolygon
residential,72.518172,23.012287,MultiPolygon
residential,72.518642,23.008883,MultiPolygon
residential,72.52374,23.009449,MultiPolygon
residential,72.537138,23.004438,MultiPolygon
residential,72.528435,23.004128,MultiPolygon
residential,72.55026,23.021356,MultiPolygon
residential,72.552842,23.023292,MultiPolygon
residential,72.532949,23.019323,MultiPolygon
residential,72.529365,23.017638,MultiPolygon
residential,72.529372,23.015247,MultiPolygon
residential,72.527234,23.01486,MultiPolygon
residential,72.533894,23.027418,MultiPolygon
residential,72.537788,23.027298,MultiPolygon
residential,72.543507,23.023763,MultiPolygon
residential,72.546532,23.020018,MultiPolygon
residential,72.541376,23.027431,MultiPolygon
residential,72.541912,23.023994,MultiPolygon
residential,72.5321,23.013433,MultiPolygon
residential,72.545116,23.029014,MultiPolygon
residential,72.558648,23.09041,MultiPolygon
residential,72.512819,23.025124,MultiPolygon
residential,72.54197,23.005619,MultiPolygon
residential,72.52613,23.02756,MultiPolygon
residential,72.530139,23.010016,MultiPolygon
residential,72.537731,23.023943,MultiPolygon
residential,72.534705,23.007806,MultiPolygon
residential,72.538348,23.009727,MultiPolygon
residential,72.55827,23.088895,MultiPolygon
residential,72.530048,23.012582,MultiPolygon
residential,72.630382,23.180531,MultiPolygon
residential,72.650324,23.165925,MultiPolygon
residential,72.518452,22.99826,MultiPolygon
residential,72.65051,23.163239,MultiPolygon
residential,72.650647,23.164603,MultiPolygon
residential,72.652139,23.166066,MultiPolygon
residential,72.621285,23.191218,MultiPolygon
residential,72.520427,23.002436,MultiPolygon
residential,72.541513,23.027556,MultiPolygon
residential,72.569059,23.084444,MultiPolygon
residential,72.629325,23.180646,MultiPolygon
residential,72.523188,23.016221,MultiPolygon
residential,72.649179,23.164797,MultiPolygon
residential,72.650602,23.165474,MultiPolygon
residential,72.660579,23.166852,MultiPolygon
residential,72.565264,23.075791,MultiPolygon
residential,72.654683,23.176255,MultiPolygon
residential,72.522998,23.01647,MultiPolygon
residential,72.523557,23.016306,MultiPolygon
residential,72.567593,23.084778,MultiPolygon
residential,72.677178,23.165313,MultiPolygon
residential,72.56714,23.08453,MultiPolygon
residential,72.524128,23.016264,MultiPolygon
residential,72.522387,23.018853,MultiPolygon
residential,72.522485,23.017695,MultiPolygon
residential,72.566959,23.079874,MultiPolygon
residential,72.513201,23.015777,MultiPolygon
residential,72.528168,23.022064,MultiPolygon
residential,72.585388,23.113743,MultiPolygon
residential,72.520958,23.083154,MultiPolygon
residential,72.520406,23.08057,MultiPolygon
residential,72.579068,23.076937,MultiPolygon
residential,72.564169,23.08014,MultiPolygon
residential,72.57793,23.076774,MultiPolygon
residential,72.591289,23.07554,MultiPolygon
residential,72.54493,23.094049,MultiPolygon
residential,72.545301,23.094388,MultiPolygon
residential,72.585637,23.083053,MultiPolygon
open-space,72.628685,23.073033,MultiPolygon
open-space,72.537287,23.168961,MultiPolygon
open-space,72.691841,23.163666,MultiPolygon
open-space,72.689939,23.165286,MultiPolygon
open-space,72.697328,23.161643,MultiPolygon
open-space,72.689362,23.169365,MultiPolygon
open-space,72.690252,23.17056,MultiPolygon
open-space,72.690157,23.168082,MultiPolygon
open-space,72.693573,23.161973,MultiPolygon
open-space,72.696401,23.162202,MultiPolygon
open-space,72.702365,23.161179,MultiPolygon
open-space,72.701916,23.161471,MultiPolygon
open-space,72.700717,23.162077,MultiPolygon
open-space,72.542269,23.129027,MultiPolygon
open-space,72.54228,23.127705,MultiPolygon
open-space,72.543701,23.127707,MultiPolygon
open-space,72.54368,23.129034,MultiPolygon
open-space,72.546724,23.128957,MultiPolygon
open-space,72.544747,23.127601,MultiPolygon
open-space,72.689156,23.160574,MultiPolygon
open-space,72.689337,23.160517,MultiPolygon
open-space,72.690082,23.160876,MultiPolygon
open-space,72.692262,23.161209,MultiPolygon
open-space,72.686351,23.16562,MultiPolygon
open-space,72.687837,23.164638,MultiPolygon
open-space,72.688151,23.164916,MultiPolygon
open-space,72.68757,23.163955,MultiPolygon
open-space,72.701533,23.162643,MultiPolygon
open-space,72.701575,23.162919,MultiPolygon
open-space,72.701785,23.163033,MultiPolygon
open-space,72.701822,23.163266,MultiPolygon
open-space,72.701302,23.162546,MultiPolygon
open-space,72.702175,23.163094,MultiPolygon
open-space,72.701981,23.162999,MultiPolygon
open-space,72.701672,23.162595,MultiPolygon
open-space,72.70193,23.162739,MultiPolygon
open-space,72.70166,23.162363,MultiPolygon
open-space,72.700821,23.1624,MultiPolygon
open-space,72.701384,23.16343,MultiPolygon
open-space,72.696643,23.161362,MultiPolygon
open-space,72.686956,23.165209,MultiPolygon
open-space,72.68741,23.165139,MultiPolygon
open-space,72.568498,23.186914,MultiPolygon
open-space,72.578491,23.189804,MultiPolygon
open-space,72.579491,23.189075,MultiPolygon
open-space,72.578852,23.188643,MultiPolygon
open-space,72.547756,23.129105,MultiPolygon
open-space,72.547762,23.128493,MultiPolygon
open-space,72.457542,22.980995,MultiPolygon
open-space,72.457609,22.972643,MultiPolygon
open-space,72.458143,22.972563,MultiPolygon
open-space,72.458644,22.972469,MultiPolygon
open-space,72.523783,23.081205,MultiPolygon
open-space,72.523989,23.078099,MultiPolygon
open-space,72.52383,23.077991,MultiPolygon
open-space,72.523911,23.078255,MultiPolygon
open-space,72.593739,23.094975,MultiPolygon
open-space,72.570157,23.01095,MultiPolygon
open-space,72.571302,23.011135,MultiPolygon
open-space,72.557596,23.021265,MultiPolygon
open-space,72.581108,23.023812,MultiPolygon
open-space,72.581291,23.024257,MultiPolygon
open-space,72.536724,23.040248,MultiPolygon
open-space,72.573369,23.014043,MultiPolygon
open-space,72.524241,23.066025,MultiPolygon
open-space,72.524114,23.065253,MultiPolygon
open-space,72.526719,23.04545,MultiPolygon
open-space,72.535011,23.036086,MultiPolygon
open-space,72.573268,23.014498,MultiPolygon
open-space,72.57295,23.011947,MultiPolygon
open-space,72.55708,22.983776,MultiPolygon
open-space,72.554652,22.983117,MultiPolygon
open-space,72.624961,23.069552,MultiPolygon
open-space,72.625467,23.076781,MultiPolygon
open-space,72.62565,23.076957,MultiPolygon
open-space,72.625264,23.076587,MultiPolygon
open-space,72.625048,23.076396,MultiPolygon
open-space,72.624849,23.076209,MultiPolygon
open-space,72.624636,23.076014,MultiPolygon
open-space,72.582238,23.024254,MultiPolygon
open-space,72.556056,22.979253,MultiPolygon
open-space,72.555777,22.979533,MultiPolygon
open-space,72.554498,22.98023,MultiPolygon
open-space,72.554437,22.979841,MultiPolygon
open-space,72.55502,22.979345,MultiPolygon
open-space,72.55457,22.979073,MultiPolygon
open-space,72.554819,22.979871,MultiPolygon
open-space,72.554772,22.979738,MultiPolygon
open-space,72.55476,22.979553,MultiPolygon
open-space,72.554679,22.979437,MultiPolygon
open-space,72.555476,23.019909,MultiPolygon
open-space,72.664007,23.214851,MultiPolygon
open-space,72.672277,23.213393,MultiPolygon
open-space,72.685223,23.213312,MultiPolygon
open-space,72.684662,23.212464,MultiPolygon
open-space,72.683775,23.21147,MultiPolygon
open-space,72.655815,23.219265,MultiPolygon
open-space,72.656229,23.219878,MultiPolygon
open-space,72.656451,23.219976,MultiPolygon
open-space,72.657208,23.219676,MultiPolygon
open-space,72.658138,23.219528,MultiPolygon
open-space,72.657301,23.218139,MultiPolygon
open-space,72.657386,23.218354,MultiPolygon
open-space,72.657801,23.219022,MultiPolygon
open-space,72.657939,23.219196,MultiPolygon
open-space,72.653238,23.213436,MultiPolygon
open-space,72.614238,23.216356,MultiPolygon
open-space,72.622002,23.218217,MultiPolygon
open-space,72.618006,23.212804,MultiPolygon
open-space,72.668298,23.21743,MultiPolygon
open-space,72.667842,23.216932,MultiPolygon
open-space,72.667087,23.216922,MultiPolygon
open-space,72.651045,23.192734,MultiPolygon
open-space,72.666319,23.217408,MultiPolygon
open-space,72.666516,23.218109,MultiPolygon
open-space,72.685587,23.208358,MultiPolygon
open-space,72.684352,23.206425,MultiPolygon
open-space,72.670379,23.195193,MultiPolygon
open-space,72.671186,23.151583,MultiPolygon
open-space,72.645473,23.160352,MultiPolygon
open-space,72.639659,23.195968,MultiPolygon
open-space,72.6421,23.167892,MultiPolygon
open-space,72.674465,23.16219,MultiPolygon
open-space,72.680805,23.163759,MultiPolygon
open-space,72.678077,23.164269,MultiPolygon
open-space,72.678075,23.163854,MultiPolygon
open-space,72.679114,23.163686,MultiPolygon
open-space,72.674752,23.164326,MultiPolygon
open-space,72.676746,23.163257,MultiPolygon
open-space,72.677013,23.161978,MultiPolygon
open-space,72.686538,23.159856,MultiPolygon
open-space,72.684657,23.151526,MultiPolygon
open-space,72.676726,23.164703,MultiPolygon
open-space,72.674558,23.165296,MultiPolygon
open-space,72.674631,23.165874,MultiPolygon
open-space,72.68453,23.166543,MultiPolygon
open-space,72.684355,23.165794,MultiPolygon
open-space,72.683654,23.16592,MultiPolygon
open-space,72.67742,23.164165,MultiPolygon
open-space,72.678004,23.163988,MultiPolygon
open-space,72.678326,23.163243,MultiPolygon
open-space,72.614884,23.19517,MultiPolygon
open-space,72.612428,23.125426,MultiPolygon
open-space,72.512128,23.008648,MultiPolygon
open-space,72.546796,23.017975,MultiPolygon
open-space,72.493414,23.040178,MultiPolygon
open-space,72.493656,23.041016,MultiPolygon
open-space,72.579603,23.027462,MultiPolygon
open-space,72.558447,23.029947,MultiPolygon
open-space,72.584321,23.058634,MultiPolygon
open-space,72.576595,23.063602,MultiPolygon
open-space,72.537707,23.009285,MultiPolygon
open-space,72.492662,23.084233,MultiPolygon
open-space,72.455011,23.046125,MultiPolygon
open-space,72.538851,23.008468,MultiPolygon
open-space,72.536578,23.008967,MultiPolygon
open-space,72.686013,23.214619,MultiPolygon
open-space,72.687258,23.212454,MultiPolygon
open-space,72.687724,23.210463,MultiPolygon
open-space,72.606663,23.00064,MultiPolygon
open-space,72.605607,22.998311,MultiPolygon
open-space,72.621895,23.018713,MultiPolygon
mixed-use,72.5774,23.02155,MultiPolygon
mixed-use,72.587033,23.023172,MultiPolygon
mixed-use,72.580301,23.010897,MultiPolygon
mixed-use,72.561646,23.032634,MultiPolygon
mixed-use,72.587943,23.044551,MultiPolygon
mixed-use,72.588568,23.047852,MultiPolygon
mixed-use,72.536282,22.996973,MultiPolygon
